{
  "accuracy": 0.7138263665594855,
  "f1_macro": 0.4178663894576966,
  "f1_per_class": {
    "まくり": 0.4672897196261682,
    "まくり差し": 0.5057471264367817,
    "差し": 0.5,
    "恵まれ": 0.0,
    "抜き": 0.07142857142857142,
    "逃げ": 0.9627329192546584
  },
  "n_train": 1244,
  "n_test": 311
}