{
  "accuracy": 0.8461538461538461,
  "roc_auc": 0.8138099339649727,
  "log_loss": 0.3720947590569573,
  "n_train": 621,
  "n_test": 156
}