{
  "accuracy": 0.7777777777777778,
  "f1_macro": 0.4797979797979797,
  "f1_per_class": {
    "逃げ": 1.0,
    "差し": 0.5454545454545454,
    "まくり": 0.6666666666666666,
    "まくり差し": 0.6666666666666666,
    "抜き": 0.0,
    "恵まれ": 0.0
  },
  "n_train": 105,
  "n_test": 27
}