{
  "accuracy": 0.7777777777777778,
  "f1_macro": 0.5277777777777778,
  "n_train": 105,
  "n_test": 27
}