{
  "accuracy": 0.7043478260869566,
  "f1_macro": 0.3990420757836488,
  "f1_per_class": {
    "逃げ": 0.9719101123595506,
    "差し": 0.58,
    "まくり": 0.34234234234234234,
    "まくり差し": 0.5,
    "抜き": 0.0,
    "恵まれ": 0.0
  },
  "n_train": 1378,
  "n_test": 345
}