{
  "engine": "SimS ver1.0 (E1)",
  "races": 502,
  "bets_total": 3494,
  "stake_total": 349400,
  "payout_total": 277050,
  "hit_rate": 0.15737051792828685,
  "roi": -0.20706926159129938,
  "strategy": "trifecta_topN",
  "topn": 12,
  "k": 2,
  "m": 4,
  "sims_per_race": 1200,
  "unit": 100,
  "exclude_first1": true,
  "only_first1": false
}