{
  "engine": "SimS ver1.0 (E1)",
  "races": 502,
  "bets_total": 11627,
  "stake_total": 1162700,
  "payout_total": 895710,
  "hit_rate": 0.3207171314741036,
  "roi": -0.22962931108626472,
  "strategy": "trifecta_topN",
  "topn": 36,
  "k": 2,
  "m": 4,
  "sims_per_race": 1200,
  "unit": 100,
  "exclude_first1": true,
  "only_first1": false
}