{
  "accuracy": 0.8612603810454323,
  "roc_auc": 0.8162979614775455,
  "log_loss": 0.3501046798463761,
  "n_train": 8185,
  "n_test": 2047
}