{
  "accuracy": 0.8674242424242424,
  "roc_auc": 0.8314763172924245,
  "log_loss": 0.35018883695686176,
  "n_train": 7389,
  "n_test": 1848
}