{
  "accuracy": 0.8397435897435898,
  "roc_auc": 0.8252942865345967,
  "log_loss": 0.36364523849843566,
  "n_train": 621,
  "n_test": 156
}