{
  "races": 298,
  "sims": 600,
  "iters": 20,
  "nll_before": 2496.4389363786795,
  "nll_after": 2105.425915459005,
  "improved": 391.01302091967455,
  "used_fields": [
    "alpha_R",
    "alpha_A",
    "alpha_Ap",
    "theta",
    "b_dt",
    "cK"
  ]
}