{
  "races": 132,
  "sims": 600,
  "iters": 20,
  "nll_before": 1201.0830062372365,
  "nll_after": 1060.3094069672447,
  "improved": 140.7735992699918,
  "used_fields": [
    "alpha_R",
    "alpha_A",
    "alpha_Ap",
    "theta",
    "b_dt",
    "cK"
  ]
}