{
  "races": 682,
  "sims": 1200,
  "iters": 40,
  "nll_before": 4728.14009530947,
  "nll_after": 3696.7430718490396,
  "improved": 1031.3970234604303,
  "used_fields": [
    "alpha_R",
    "alpha_A",
    "alpha_Ap",
    "theta",
    "b_dt",
    "cK"
  ]
}