{
  "races": 682,
  "sims": 3000,
  "iters": 60,
  "nll_before": 4347.843936056655,
  "nll_after": 3725.4768855966836,
  "improved": 622.3670504599718,
  "used_fields": [
    "alpha_R",
    "alpha_A",
    "alpha_Ap",
    "theta",
    "b_dt",
    "cK"
  ]
}